{
  "timestamp": "2025-11-13T00:37:15.350051",
  "platform_diameter_m": 0.3,
  "camera": {
    "index": 1,
    "frame_width": 640,
    "frame_height": 480
  },
  "ball_detection": {
    "lower_hsv": [
      13.0,
      33.75,
      195.0
    ],
    "upper_hsv": [
      35.0,
      209.25,
      255.0
    ]
  },
  "calibration": {
    "pixel_to_meter_ratio": 0.0013406288520278842,
    "position_min_m": 0.4321369052567518,
    "position_max_m": 0.4592518040003905
  },
  "servo": {
    "port": "COM3",
    "neutral_angle": 15
  },
  "geometry": {
    "center": [
      346,
      156
    ],
    "motor_1_pos": [
      238,
      132
    ],
    "motor_2_pos": [
      380,
      264
    ],
    "motor_3_pos": [
      422,
      74
    ]
  }
}