{
  "timestamp": "2025-11-13T19:24:20.517178",
  "platform_diameter_m": 0.3,
  "camera": {
    "index": 1,
    "frame_width": 640,
    "frame_height": 480
  },
  "ball_detection": {
    "lower_hsv": [
      12.0,
      169.9,
      143.0
    ],
    "upper_hsv": [
      25.0,
      255.0,
      226.0
    ]
  },
  "calibration": {
    "pixel_to_meter_ratio": 0.0005442904125641994,
    "position_min_m": 0.07081395650091706,
    "position_max_m": 0.13016026531503208
  },
  "servo": {
    "port": "COM3",
    "neutral_angle": 15
  },
  "geometry": {
    "center": [
      320,
      245
    ],
    "motor_1_pos": [
      47,
      353
    ],
    "motor_2_pos": [
      582,
      378
    ],
    "motor_3_pos": [
      333,
      6
    ]
  }
}