{
  "timestamp": "2025-11-15T00:37:41.157332",
  "platform_diameter_m": 0.3,
  "camera": {
    "index": 1,
    "frame_width": 640,
    "frame_height": 480
  },
  "ball_detection": {
    "lower_hsv": [
      10.0,
      71.25,
      192.0
    ],
    "upper_hsv": [
      32.0,
      233.75,
      255.0
    ]
  },
  "calibration": {
    "pixel_to_meter_ratio": 0.0007326143450928442,
    "position_min_m": -0.121461044883003,
    "position_max_m": 0.14953578233542333
  },
  "servo": {
    "port": "COM3",
    "neutral_angle": 15
  },
  "geometry": {
    "center": [
      315,
      217
    ],
    "motor_1_pos": [
      521,
      215
    ],
    "motor_2_pos": [
      214,
      395
    ],
    "motor_3_pos": [
      211,
      42
    ]
  }
}